league,season,team,players_used,Age,Poss,Goals,Assist,G+A,NPG,PK Gls,PK Att,Yellow Cards,Red Cards,xG,npxG,xAG,npxG+xAG,Prg Carries,Prg Passes,Shots,Shots on Target,SoT%,Goals per Shots,Goals per SoT,Avg Shot Dist,FK Shots,npxG/Shot,G-xG,G-npxG,Passes Completed,Passes Attempted,Pass Completion%,Avg Pass Distance,Avg Prg Pass Distance,Short Pass Cmp,Shot Pass Att,Short Pass Cmp%,Medium Pass Cmp,Medium Pass Att,Medium Pass Cmp%,Long Pass Cmp,Long Pass Att,Long Pass Cmp%,xA,A-xAG,Key Passes,Final Third Pass,Pass into Pen Area,Cross into Pen Area,Open Play Pass,Dead Ball Pass,FK Pass,Through Balls,Switches,Throw-Ins,Corner Kicks,Inswing Corner,Outswing Corner,Straight Corner,Blocked Passes,SCA,SCA Open Play,SCA Dead Ball,SCA Take-Ons,Shots SCA,Fouled SCA,Defensive SCA,GCA,GCA Open Play,GCA Dead Ball,GCA Take-Ons,Shots GCA,Fouled GCA,Defensive GCA,Tackles,Tackles Won,Tackles Def 3rd,Tackles Mid 3rd,Tackles Att 3rd,Dribble Stops,Total Challenges,Challenges Won%,Challenges Lost,Blocks,Shot Blocks,Interceptions,Tackle+Interceptions,Clearances,Errors,Touches,Touches Def Pen,Touches Def 3rd,Touches Mid 3rd,Touches Att 3rd,Touches in Box,Open Play Touches,Take-Ons Attempted,Take-Ons Successfull,Take-Ons Success%,Take-Ons Tackled,Take-Ons Tackled%,Carries,Avg Carry Dist,Avg Prg Carry Dist,Carries into Final Third,Carries into Pen Area,Miscontrols,Dispossessed,Passes Received,Progressive Receives,Min per Sub,Pts pMatch,Goals Allowed,Goal Difference,xG Allowed,xG Difference,Fouls,Fouled,Offside,Crosses,Pen Conceded,Own Goals,Recoveries,Aerial Duels Won,Aerial Duels Lost,Aerial Duels Won%,Shots on Target Allowed,Saves,Save%,W,D,L,Clean Sheet,Clean Sheet%,Penalty Saves,Penalty Save%,FK Goals,Corner Goals,Pass Attempts(GK),Throws,Passes Launch%,Passes AvgLen,Goal Kicks Attempted,Goal Kicks Launch%,Goal Kicks AvgLen,Crosses Faced,Crosses Stopped,Cross Stop%,OPA,OPA Avg Dist
ENG-Premier League,2425,Arsenal,25,25.8,56.9,67,55,122,65,2,2,70,6,59.9,58.4,45.3,103.6,852,1826,544,178,32.7,0.12,0.37,15.1,10,0.11,7.1,6.6,17066,20241,84.3,16.337044415797493,47.67524644030668,8591,9363,91.8,7129,7999,89.1,1031,2022,51,45.7,9.7,428,1397,437,75,18608,1553,432,80,74,598,251,211,3,2,278,969,726,82,52,64,34,11,119,86,11,6,11,4,1,598,348,220,249,129,260,515,50.5,255,328,106,225,823,680,33,24056,1844,6064,10362,7808,1282,24054,726,320,44.1,316,43.5,14234,5.307292398482507,47.237089201877936,540,286,483,382,16894,1801,18,1.95,34,35,34.4,25.5,401,405,80,766,3,0,1436,471,465,50.3,120,86,74.2,20,14,4,13,34.2,0,0,2,8,1210,178,31.2,29.9,200,50,38.6,402,53,13.2,66,17.2
ENG-Premier League,2425,Aston Villa,28,27,50.5,56,45,101,53,3,6,76,4,56.1,51.3,41.7,93,720,1344,478,159,33.3,0.11,0.33,16.3,12,0.11,-0.1,1.7,14701,17797,82.6,17.185021427113803,65.61160714285714,6778,7510,90.3,6555,7386,88.7,1088,2065,52.7,36.9,3.3,358,1137,319,56,16044,1698,583,95,58,497,230,148,24,1,346,849,602,85,51,58,39,14,102,80,7,3,6,4,2,637,372,293,249,95,310,546,56.8,236,329,107,240,877,788,43,21699,2646,7301,9257,5362,951,21693,726,327,45,299,41.2,12334,5.5866709907572565,50.33611111111111,448,212,508,386,14423,1331,23,1.74,51,7,50.1,5.9,406,499,55,604,3,0,1418,378,423,47.2,156,104,68.6,19,9,10,9,23.7,1,33.3,1,2,1182,133,29.5,35.9,299,41.8,35.1,538,59,11,35,8.6
ENG-Premier League,2425,Bournemouth,29,25.1,48.5,57,41,98,51,6,7,97,3,64,58.5,43.8,102.3,754,1489,574,192,33.4,0.09,0.27,16.7,10,0.1,-7,-7.5,12977,16900,76.8,18.028434923325886,58.27199462726662,5648,6514,86.7,5659,6670,84.8,1365,2819,48.4,36.5,-2.8,437,1242,339,106,15136,1694,430,59,78,686,228,166,18,4,314,1012,767,68,44,70,42,21,93,62,6,5,8,10,2,691,399,290,299,102,301,627,48,326,459,136,351,1042,1013,22,21618,2217,6444,9314,6128,1005,21611,672,294,43.8,300,44.6,11733,5.8834057785732545,48.685676392572944,534,228,597,350,12855,1474,18,1.47,46,12,48.5,15.5,525,400,70,832,4,0,1821,573,606,48.6,172,126,75.6,15,11,12,9,23.7,0,0,1,5,960,158,35.2,36.3,266,47.7,39.4,460,25,5.4,62,12.9
ENG-Premier League,2425,Brentford,28,25.8,47.9,65,44,109,60,5,6,62,1,59,54.4,42.4,96.8,598,1356,434,173,39.9,0.14,0.35,14.9,10,0.13,6,5.6,13358,17100,78.1,18.381419374157808,68.77802359882006,5849,6739,86.8,5826,6875,84.7,1449,2741,52.9,38.1,1.6,330,1104,325,91,15453,1584,386,69,71,602,174,139,2,0,288,780,569,74,40,51,35,11,113,78,11,5,9,9,1,633,380,289,223,121,314,596,52.7,282,480,199,285,918,1040,28,21491,3282,8328,8055,5310,987,21485,627,265,42.3,293,46.7,11412,5.427444794952681,52.94481605351171,380,213,549,300,13153,1339,15,1.47,57,9,55.4,3.6,320,339,63,674,1,3,1644,624,567,52.4,207,153,72.9,16,8,14,8,21.1,0,0,0,2,1453,129,36.3,34.9,327,51.7,41.3,597,48,8,34,4.7
ENG-Premier League,2425,Brighton,32,24.8,52.3,64,41,105,57,7,7,78,3,58.7,53.3,40.4,93.7,816,1539,526,183,34.8,0.11,0.31,17.2,25,0.1,5.3,3.7,15820,19188,82.4,16.998482932996207,59.11890838206628,7629,8443,90.4,6541,7472,87.5,1313,2397,54.8,39.1,0.6,377,1189,339,87,17527,1615,482,77,76,605,188,107,48,7,310,933,685,70,56,53,55,14,113,78,7,10,6,10,2,705,431,287,297,121,350,703,49.8,353,439,122,315,1020,762,29,23677,2601,7503,10292,6153,1085,23670,797,338,42.4,382,47.9,13919,5.523528989,51.15931372549019,576,263,583,344,15637,1522,18,1.61,59,7,54.6,4.1,438,411,46,704,9,2,1624,518,463,52.8,147,90,66,16,13,9,8,21.1,0,0,1,4,1178,129,29.3,25.1,243,23.5,23.1,436,29,6.7,50,15.4
ENG-Premier League,2425,Chelsea,29,23.7,57.1,61,47,108,57,4,5,101,2,67.8,63.8,52.7,116.5,861,1595,590,203,34.4,0.1,0.28,16.7,17,0.11,-6.8,-6.8,18033,21320,84.6,17.255365163866244,61.654545454545456,8067,8802,91.6,8244,9120,90.4,1369,2547,53.7,41.8,-5.7,457,1488,346,73,19613,1642,516,79,95,587,234,121,37,8,304,1061,811,60,58,70,39,23,109,75,5,9,9,7,4,588,371,243,244,101,273,536,50.9,263,356,103,272,860,695,45,25217,2410,7564,11375,6497,1115,25212,783,326,41.6,336,42.9,14501,5.400593062547411,48.07665505226481,493,317,466,297,17888,1576,19,1.82,43,21,47.3,20.5,436,444,65,663,6,0,1577,402,390,50.8,155,111,75.5,20,9,9,11,28.9,1,16.7,0,5,1207,209,34.5,24.1,224,17.9,20.9,423,49,11.6,59,13.2
ENG-Premier League,2425,Crystal Palace,29,26.2,42.8,49,38,87,46,3,4,80,4,60.4,57.3,46.4,103.7,510,1158,512,175,34.2,0.09,0.26,16.8,19,0.11,-11.4,-11.3,11875,15754,75.4,17.958484210526315,69.28929188255613,5198,6077,85.5,5285,6317,83.7,1137,2545,44.7,36.6,-8.4,379,886,272,69,14066,1614,440,71,59,621,171,115,18,0,302,877,633,76,33,71,48,16,89,60,8,6,8,6,1,767,450,374,300,93,324,643,50.4,319,485,144,334,1101,1088,19,20389,2570,7689,8442,4455,796,20385,500,209,41.8,241,48.2,10275,5.049829683698297,49.615686274509805,354,126,491,339,11783,1140,18,1.39,51,0,49.1,11.3,417,403,74,605,2,3,1698,511,636,44.6,150,101,66.7,13,14,11,11,28.9,1,50,1,5,922,115,48.5,38.5,293,52.2,42.4,559,30,5.4,40,14.3
ENG-Premier League,2425,Everton,26,28,40.9,39,27,66,37,2,2,82,2,41.8,40.2,32.2,72.4,486,1041,404,139,34.4,0.09,0.27,16.8,11,0.1,-2.8,-3.2,11405,14953,76.3,18.853748355984216,81.66474543707973,5039,5809,86.7,4604,5451,84.5,1526,2901,52.6,27.2,-5.2,298,1003,261,92,13245,1627,424,30,83,678,154,101,24,11,295,713,530,65,44,31,31,12,68,46,4,6,4,5,3,732,433,366,269,97,338,656,51.5,318,392,138,345,1077,1088,25,19408,2462,6930,7927,4762,732,19406,636,283,44.5,305,48,9535,5.352805454,52.29218106995885,364,119,525,390,11309,1023,19,1.26,44,-2,46.2,-4.5,430,384,81,682,2,0,1524,614,564,52.1,163,117,73,11,15,12,12,31.6,2,100,1,6,1297,161,51,39.7,289,50.2,40.7,558,31,5.6,57,15.2
ENG-Premier League,2425,Fulham,26,28.1,52.3,53,44,97,50,3,4,80,2,49,45.9,37.5,83.4,786,1558,516,167,32.4,0.1,0.3,16.4,10,0.09,4,4.1,16199,19753,82,17.871967405395395,62.66688061617458,7195,8007,89.9,7222,8198,88.1,1504,2703,55.6,35,6.5,398,1346,343,108,18077,1633,437,43,119,636,203,88,87,1,337,940,718,73,38,70,25,16,99,80,3,5,4,4,3,679,411,327,259,93,289,565,51.2,276,382,113,302,981,914,33,23926,2641,8095,9787,6287,954,23922,637,288,45.2,254,39.9,14026,5.256167118,48.905852417302796,544,213,515,281,16043,1544,17,1.42,54,0,47.2,1.8,432,359,43,894,4,2,1610,533,532,50,159,106,67.9,15,9,14,5,13.2,1,25,0,6,1138,167,24.5,28.9,265,33.2,30.2,507,23,4.5,33,13.3
ENG-Premier League,2425,Burnley,38,24.9,56.6,66,45,111,62,4,4,84,3,57.8,54.6,41.3,96,794,1739,558,170,30.5,0.11,0.36,17.5,20,0.1,8.2,7.4,20212,24705,83.7,17.88620621,65.29614721,8620,9586,89.9,9360,10607,88.2,1824,3464,52.7,44.2,3.7,417,1420,347,91,22456,2184,645,43,160,926,242,91,67,2,351,983,727,80,60,59,38,19,113,79,8,7,11,7,1,698,420,297,309,92,335,607,55.2,272,444,134,336,1034,1059,17,29585,2927,9620,13316,6869,1020,29581,756,326,43.1,390,51.6,16734,4.986554321,53.32493703,524,237,675,412,20024,1727,14,2.17,16,53,39.1,18.7,530,531,65,773,2,0,1778,578,681,45.9,107,89,85,28,16,2,30,65.2,2,100,1,3,1467,198,28.1,24.7,309,55,44.3,539,32,5.9,50,12.8
ENG-Premier League,2425,Leeds United,28,25.4,61.3,91,65,156,88,3,4,70,0,89.3,86.2,67.8,153.9,967,2236,755,249,33,0.12,0.35,16.3,14,0.12,1.7,1.8,22829,27267,83.7,16.62210346,56.19588551,10764,11889,90.5,10067,11346,88.7,1456,2704,53.8,64.6,-2.8,562,1839,486,81,24921,2242,609,95,62,1009,327,165,115,1,460,1329,971,103,72,113,45,25,154,117,5,8,17,4,3,685,411,263,290,132,332,637,52.1,305,378,78,345,1030,909,11,32230,2149,8776,15505,8198,1328,32226,765,345,45.1,351,45.9,19040,5.201995798,52.76938987,658,271,633,460,22644,2213,15,2.17,30,65,29.6,59.7,472,557,104,926,4,4,1803,667,687,49.3,99,72,72.7,29,13,4,25,54.3,1,25,0,3,1329,201,23.8,31,221,28.5,29.6,413,39,9.4,41,13.6
ENG-Premier League,2425,Liverpool,24,27.2,57.7,85,65,150,76,9,9,67,3,82.2,75.2,61.6,136.8,826,1924,639,215,33.6,0.12,0.35,15.9,11,0.12,2.8,0.8,18303,21758,84.1,17.065125935638967,54.515072765072766,8615,9382,91.8,7893,8905,88.6,1412,2550,55.4,54.3,3.4,509,1583,430,83,19998,1700,448,69,128,682,252,145,72,1,330,1151,881,70,82,73,27,18,147,111,7,12,10,6,1,642,391,271,267,104,340,656,51.8,316,367,97,299,941,724,31,25903,2421,7283,11575,7274,1315,25894,677,301,44.5,310,45.8,14934,5.099303602517745,49.71186440677966,558,323,532,350,18113,1910,20,2.21,41,45,38.6,43.6,430,359,60,729,2,2,1621,406,368,52.5,138,98,71,25,9,4,14,36.8,1,50,0,3,1108,179,24.6,29,239,21.8,24.5,370,17,4.6,58,14
ENG-Premier League,2425,Manchester City,30,26.8,61.3,71,51,122,68,3,4,59,2,68.1,64.9,54.2,119.1,1146,1944,603,208,34.5,0.11,0.33,16.9,21,0.11,2.9,3.1,21531,24443,88.1,16.254888300589847,50.875,11071,11923,92.9,8884,9710,91.5,1281,2040,62.8,53.8,-3.2,472,1685,440,62,22822,1576,449,86,90,603,253,127,37,4,341,1096,852,69,68,56,41,10,125,95,3,11,10,4,2,497,299,183,216,98,214,449,47.7,235,331,89,229,726,619,35,28103,2092,6503,12076,9753,1348,28099,799,377,47.2,301,37.7,18077,5.739005365934613,49.00785340314136,863,404,476,395,21242,1920,16,1.87,44,28,47.7,20.4,287,382,45,659,4,2,1437,310,334,48.1,128,86,68.8,21,8,9,13,34.2,0,0,1,4,1191,163,19.5,27.9,190,19.5,24,357,19,5.3,61,17.5
ENG-Premier League,2425,Manchester Utd,31,25.5,53.5,42,29,71,38,4,4,86,3,52.6,49.4,39.7,89.1,697,1448,524,168,32.1,0.07,0.23,17.4,15,0.1,-10.6,-11.4,16837,20415,82.5,16.520401496703688,61.95303867403315,8233,9125,90.2,6855,7768,88.2,1257,2438,51.6,35.6,-10.7,406,1141,335,73,18750,1596,414,94,107,646,197,96,45,11,355,939,711,78,38,61,36,15,70,45,4,5,6,6,4,817,493,394,305,118,400,723,55.3,323,386,107,358,1175,759,26,24734,2553,8593,10460,5908,967,24730,621,252,40.6,323,52,15116,4.962093146335009,54.507890961262554,475,230,521,353,16672,1433,23,1.11,54,-10,53.8,-1.3,403,371,69,630,4,2,1736,486,488,49.9,149,96,65.8,11,9,18,10,26.3,1,25,1,10,1206,148,32,34.1,247,47,36.4,455,26,5.7,30,12
ENG-Premier League,2425,Newcastle Utd,24,27.4,51.3,66,50,116,61,5,6,68,1,63.8,59.5,46,105.5,759,1595,519,163,31.4,0.12,0.37,15.9,14,0.12,2.2,1.5,15416,18898,81.6,16.895692786715102,57.07460815047022,7416,8283,89.5,6475,7373,87.8,1193,2313,51.6,42.2,4,399,1149,399,70,17088,1739,482,78,94,704,217,118,27,17,351,938,711,73,39,53,37,25,115,94,7,3,5,4,2,603,371,275,235,93,306,604,50.7,298,411,141,270,873,884,34,23032,2284,7468,9671,6124,1082,23026,657,282,42.9,298,45.4,13016,5.456438229870928,47.51646903820817,474,263,491,438,15294,1583,18,1.74,47,21,45.5,18.3,394,450,71,705,2,2,1632,487,466,51.1,161,115,71.4,20,6,12,13,34.2,1,50,0,4,863,246,22.7,25.2,251,56.2,43.6,486,49,10.1,75,15.3
ENG-Premier League,2425,Nott'ham Forest,23,26.1,41.2,57,42,99,54,3,3,90,2,45.5,43.2,33,76.2,633,1125,460,162,35.2,0.12,0.33,17.5,15,0.1,11.5,10.8,10822,14366,75.3,17.17168730364073,66.57511111111111,5322,6094,87.3,4065,5011,81.1,1038,2339,44.4,29.9,9,333,974,241,64,12658,1617,436,59,62,615,159,71,76,0,282,798,569,74,35,60,40,20,91,58,10,3,8,8,4,698,419,406,225,67,343,670,51.2,327,427,157,322,1020,1220,24,18996,2463,6477,7689,5063,785,18993,581,259,44.6,233,40.1,8768,5.682595802919708,41.963665086887836,384,187,563,324,10733,1117,18,1.71,46,12,48.9,-3.4,401,419,91,621,3,0,1588,570,559,50.5,165,119,73.9,19,8,11,13,34.2,0,0,1,5,662,83,73.7,44.7,323,65,47,710,19,2.7,12,8.7
ENG-Premier League,2425,Sunderland,30,23.5,49.2,55,37,92,54,1,5,101,4,58.8,54.9,40.9,95.7,889,1837,583,180,30.9,0.09,0.3,16.8,18,0.1,-3.8,-0.9,16600,20870,79.5,18.44475904,56.70332063,6463,7481,86.4,7942,8979,88.5,1720,3225,53.3,41,-3.9,440,1473,362,86,18587,2204,621,47,117,894,250,149,39,1,415,1042,782,76,59,63,48,14,91,56,6,9,10,6,4,771,456,382,283,106,361,716,50.4,355,490,158,358,1129,1210,15,26337,2793,8728,11702,6215,1076,26332,927,406,43.8,458,49.4,14550,5.868178694,50.53993251,548,278,717,441,16439,1814,17,1.65,44,14,48.8,10,493,571,79,813,5,5,1872,646,684,48.6,137,97,70.8,21,13,12,17,37,1,20,1,2,1264,212,31.9,34.4,350,47.7,40.7,614,27,4.4,32,12.6
ENG-Premier League,2425,Tottenham,31,25,54.7,61,47,108,58,3,4,72,1,58.8,55.7,44.4,100.1,840,1593,493,177,35.9,0.12,0.33,16,13,0.12,2.2,2.3,16513,19960,82.7,16.668564161569673,58.38418079096045,7576,8440,89.8,7372,8289,88.9,1101,2084,52.8,36.3,2.6,375,1254,369,83,18013,1884,561,54,70,705,243,108,66,0,437,875,648,67,53,59,36,12,106,79,7,8,7,4,1,661,414,285,271,105,296,598,49.5,302,448,159,322,983,821,41,24315,2626,8159,10173,6223,1001,24311,812,308,37.9,425,52.3,15073,5.500099515690307,49.71190476190476,566,249,538,426,16373,1582,22,1,65,-1,63.3,-4.5,446,483,63,752,3,4,1659,422,437,49.1,180,119,65.6,11,5,22,6,15.8,0,0,0,8,1047,192,16.6,27.2,272,7.7,16.3,520,49,9.4,45,11.1
ENG-Premier League,2425,West Ham,27,28.1,48.4,43,29,72,40,3,3,82,3,47,44.7,33.9,78.6,632,1222,473,137,29,0.08,0.29,16.3,14,0.1,-4,-4.7,14820,18363,80.7,17.452968960863696,74.25777414075286,6989,7831,89.2,6245,7153,87.3,1346,2580,52.2,32,-4.9,331,1075,267,72,16678,1612,437,53,133,612,152,82,57,1,343,815,582,69,48,65,34,17,67,42,5,3,13,3,1,654,388,317,253,84,290,532,54.5,242,440,169,331,985,1037,28,22887,2942,8352,9852,4896,839,22884,793,347,43.8,360,45.4,11796,5.038911495422177,46.96835443037975,394,175,492,392,14712,1214,22,1.13,62,-16,59.7,-12.7,443,397,73,613,3,3,1558,587,560,51.2,186,127,68.3,11,10,17,7,18.4,0,0,1,8,1167,174,37.4,32.1,311,55.9,41.9,614,25,4.1,42,15
ENG-Premier League,2425,Wolves,32,26.9,48.1,53,42,95,53,0,0,79,2,43.7,43.7,35.4,79.1,607,1185,431,155,36,0.12,0.34,18.1,18,0.1,9.3,9.3,14472,17884,80.9,17.005251520176895,70.75696202531645,6855,7612,90.1,5909,6712,88,1251,2503,50,26.6,6.6,323,1011,276,72,16133,1689,495,55,122,696,147,98,31,3,328,756,547,57,58,36,34,24,96,77,5,7,1,2,4,801,471,412,305,84,373,669,55.8,296,437,137,298,1099,947,25,22329,2578,7797,10051,4750,729,22328,731,324,44.3,315,43.1,12486,5.363927599,56.61449752883031,458,146,591,369,14358,1179,18,1.11,69,-15,58.1,-14.5,480,425,62,568,9,3,1659,451,475,48.7,168,100,63.1,12,6,20,8,21.1,2,22.2,2,11,1020,156,41.5,36.6,244,44.7,37,562,40,7.1,57,13.4
ESP-La Liga,2425,Alavés,29,26.6,45.3,38,20,58,29,9,11,107,5,42.8,34.1,25.4,59.5,449,1160,393,123,31.3,0.07,0.24,17.8,10,0.09,-4.8,-5.1,10534,14746,71.4,18.943421302449213,73.16465517241379,4546,5494,82.7,4441,5542,80.1,1312,2838,46.2,25.9,-5.4,284,963,229,99,12723,1946,537,45,99,834,182,61,90,6,368,690,465,95,26,41,48,15,61,39,3,3,7,9,0,737,459,346,307,84,348,726,47.9,378,382,96,309,1046,918,10,19070,1876,5802,8634,4809,691,19059,478,185,38.7,245,51.3,9128,4.9932077125328655,51.10467706013363,346,90,598,307,10419,1148,21,1.11,48,-10,47,-4.2,623,476,77,798,11,2,1499,639,694,47.9,132,86,72,10,12,16,9,23.7,0,0,2,4,869,82,71.5,43,307,83.4,58.6,552,36,6.5,31,8.9
ESP-La Liga,2425,Athletic Club,31,26.9,48.4,53,40,93,50,3,6,64,3,53,48.2,36.7,84.9,682,1579,462,148,32,0.11,0.34,17.4,8,0.11,0,1.8,13665,17375,78.6,18.540944017563117,57.40785307156428,5552,6396,86.8,6520,7522,86.7,1395,2733,51,33.1,3.3,351,1283,274,90,15511,1796,472,48,116,836,193,73,81,1,300,832,630,65,52,38,27,20,92,63,8,7,8,6,0,577,345,240,252,85,296,579,51.1,283,353,72,344,921,911,25,21761,1884,6255,10334,5382,760,21755,791,328,41.5,388,49.1,11368,5.402973258268824,48.05425219941349,444,188,597,401,13522,1561,23,1.84,29,25,37.8,15.2,483,386,68,772,5,1,1735,496,514,49.1,113,83,77,19,13,6,15,39.5,2,40,2,4,948,157,39.9,41.5,229,70.7,52.7,449,41,9.1,48,13.4
ESP-La Liga,2425,Atlético Madrid,24,28.4,52.6,68,51,119,62,6,7,75,3,64.6,59.3,47.9,107.2,760,1559,463,174,37.6,0.13,0.36,17,13,0.13,3.4,2.7,17826,21418,83.2,16.560810052731963,64.38871071199488,8814,9752,90.4,6993,7984,87.6,1486,2519,59,45.3,3.1,348,1233,365,96,19514,1832,463,76,112,789,190,67,65,0,388,826,657,49,39,42,24,15,123,100,1,7,7,5,3,619,375,305,238,76,319,627,50.9,308,358,97,260,879,818,25,25387,2335,8013,11493,6074,860,25380,639,276,43.2,305,47.7,15829,4.897593025459599,54.348684210526315,579,167,541,275,17707,1553,27,2,30,38,33.4,31.2,412,427,72,675,5,2,1563,445,420,51.4,116,88,78.4,22,10,6,17,44.7,0,0,1,3,683,194,24.3,24,323,37.2,34.9,511,30,5.9,28,11.2
ESP-La Liga,2425,Barcelona,28,24.7,68.3,99,72,171,92,7,8,63,3,91.5,85.2,67.5,152.7,860,2212,670,240,35.8,0.14,0.38,17.1,27,0.13,7.5,6.8,22321,25721,86.8,16.662067111688543,52.615280289330926,10452,11341,92.2,9674,10643,90.9,1577,2424,65.1,64.7,4.5,500,2020,479,77,23787,1869,621,130,133,712,265,104,47,1,371,1205,928,60,79,71,53,14,172,127,5,17,10,12,1,538,332,186,245,107,271,520,52.1,249,329,60,227,765,601,14,29805,1857,6516,14966,8535,1208,29797,909,455,50.1,375,41.3,18077,5.094429385406871,57.48255813953488,667,238,579,316,22187,2201,22,2.32,39,63,41.9,49.5,368,465,65,709,4,0,1673,380,339,52.9,108,69,67.6,28,4,6,13,34.2,0,0,0,3,1139,181,11.9,25.1,194,19.1,27.7,356,15,4.2,158,20.2
ESP-La Liga,2425,Betis,36,27.5,52.4,55,37,92,48,7,10,75,4,54.7,46.9,37.5,84.5,679,1486,518,176,34,0.09,0.27,18.1,14,0.09,0.3,1.1,15770,19284,81.8,16.78744451490171,61.53162853297443,7583,8423,90,6318,7291,86.7,1341,2443,54.9,34.8,-0.5,417,1127,329,75,17322,1906,613,60,153,778,197,82,68,0,376,944,718,62,59,48,40,17,100,72,6,4,9,8,1,645,397,271,273,101,342,644,53.1,302,406,113,356,1001,910,19,23872,2253,7466,10545,6088,921,23862,722,312,43.2,344,47.6,13910,5.030625449317038,53.415316642120764,532,228,676,378,15627,1468,22,1.58,50,7,50.6,4.1,433,524,56,627,4,1,1679,464,478,49.3,141,92,67.4,16,12,10,7,18.4,0,0,2,8,1027,177,28.6,38,230,35.7,34.3,516,30,5.8,51,12.8
ESP-La Liga,2425,Celta Vigo,30,26.8,53.6,58,40,98,50,8,9,84,6,54.2,47.3,38.4,85.7,709,1659,442,167,37.8,0.11,0.3,17.9,19,0.11,3.8,2.7,17798,21253,83.7,17.57933475671424,62.798071127185054,7549,8367,90.2,8368,9325,89.7,1480,2521,58.7,36.9,1.6,339,1424,300,53,19376,1810,502,89,149,782,149,52,62,1,365,789,607,41,42,57,30,12,98,77,1,5,8,7,0,555,340,258,217,80,286,576,49.7,290,345,91,282,837,828,30,25123,2232,7618,12133,5574,831,25114,628,254,40.4,312,49.7,15010,5.039773484343771,55.55994358251058,500,218,558,296,17691,1649,23,1.45,57,2,43.4,10.9,462,436,67,501,4,2,1532,375,439,46.1,145,89,62.8,16,7,15,8,21.1,1,25,0,9,805,210,18.4,24,282,33.3,32.9,501,27,5.4,49,14.8
ESP-La Liga,2425,Espanyol,27,25.2,39.8,38,27,65,33,5,5,88,1,34.4,30.5,24.5,55,497,1000,351,98,27.9,0.09,0.34,18.4,15,0.09,3.6,2.5,10580,13996,75.6,18.86805293005671,80.026,4245,4942,85.9,4814,5678,84.8,1297,2629,49.3,23.4,2.5,256,772,204,81,12245,1690,484,51,97,647,144,35,77,2,285,632,431,73,36,35,45,12,68,41,8,3,5,10,1,640,397,380,210,50,310,610,50.8,300,435,155,315,955,1131,21,18406,2655,7408,7625,3582,548,18401,546,221,40.5,266,48.7,9362,5.643879512924589,56.901408450704224,359,109,561,241,10491,991,21,1.11,51,-11,53.9,-19.5,498,432,61,619,6,1,1364,493,504,49.4,193,141,75.6,11,9,18,8,21.1,2,33.3,2,6,930,197,41.9,34.8,326,41.7,34.9,670,64,9.6,35,12
ESP-La Liga,2425,Getafe,30,27.7,41.8,34,21,55,29,5,5,110,7,36.8,33,23.9,56.9,368,981,430,122,28.4,0.07,0.24,19.4,17,0.08,-2.8,-4,8695,12922,67.3,19.45083381253594,76.38430173292559,3711,4579,81,3515,4628,76,1250,2951,42.4,23.8,-2.9,296,958,226,104,10790,2042,579,23,116,927,147,55,69,1,262,736,483,94,45,37,58,19,56,33,7,1,8,5,2,645,393,287,278,80,333,665,50.1,332,411,84,276,921,1065,15,17605,1770,5183,7998,4646,675,17600,631,265,42,312,49.4,7825,5.145303514376997,51.72282608695652,311,105,719,357,8611,966,21,1.11,39,-5,46.2,-9.4,602,506,90,721,9,0,1436,771,738,51.1,126,86,75.4,11,9,18,9,23.7,1,11.1,0,5,711,68,73.4,48.8,312,88.8,60.1,479,25,5.2,39,14.7
ESP-La Liga,2425,Girona,30,27.5,56.3,43,31,74,39,4,5,76,2,42.5,38.6,31.6,70.2,765,1691,397,134,33.8,0.1,0.29,17.7,13,0.1,0.5,0.4,18273,21401,85.4,17.65522902643244,59.56830277942046,8002,8697,92,8458,9319,90.8,1526,2565,59.5,37.4,-0.6,308,1494,302,87,19598,1724,484,39,128,706,186,91,67,1,338,727,562,60,34,37,23,11,77,56,6,2,9,3,1,569,348,268,219,82,292,557,52.4,265,327,104,279,848,722,34,25088,2516,7829,11533,5912,795,25083,634,291,45.9,276,43.5,15275,5.651325695581015,57.65751633986928,553,180,522,312,18040,1684,22,1.08,60,-16,50.4,-8,437,439,79,804,6,1,1443,321,344,48.3,164,102,65.2,11,8,19,8,21.1,3,50,1,7,1049,152,23.6,35.8,251,31.9,33.2,463,40,8.6,35,9.8
ESP-La Liga,2425,Elche,36,27.1,61.5,59,47,106,54,5,8,93,5,36.3,33.2,26.3,59.4,499,1210,409,134,32.8,0.09,0.26,19.2,21,0.08,1.7,1.8,14352,18209,78.8,17.698578595317727,76.27355371900826,6396,7255,88.2,6214,7269,85.5,1395,2776,50.3,26.5,0.7,304,1059,246,79,16234,1916,558,49,117,782,160,54,72,4,321,741,543,65,39,39,46,9,68,54,2,2,5,4,1,619,370,308,253,58,307,592,51.9,285,434,139,321,940,971,28,22497,2561,7809,10353,4511,669,22493,571,239,41.9,288,50.4,11365,5.013550373955125,57.32064128256513,346,113,547,275,14222,1197,21,1.88,42,27,66.8,-30.5,452,462,59,674,10,3,1454,529,561,48.5,182,120,69.2,22,11,9,4,10.5,4,44.4,0,4,1203,195,39.5,32.5,318,34.3,33.3,561,22,3.9,36,15.6
ESP-La Liga,2425,Oviedo,30,27.9,51.7,54,40,94,51,3,4,103,1,36,30.6,23.3,53.8,417,1030,345,110,31.9,0.1,0.3,20.1,19,0.09,2,2.4,11207,14840,75.5,18.00731685553672,74.14854368932039,5038,5734,87.9,4716,5600,84.2,1169,2735,42.7,21.8,3.7,241,796,187,45,13035,1721,500,48,91,653,113,46,46,0,252,608,399,57,50,35,51,16,73,48,3,9,4,7,2,633,384,301,250,82,295,599,49.2,304,436,157,332,965,1201,18,19312,2448,7029,8720,3764,482,19305,627,302,48.2,263,41.9,9782,4.884072786751176,57.63309352517986,364,105,575,314,11128,1023,21,1.78,42,14,59.4,-23.4,503,470,84,495,8,3,1500,472,614,43.5,175,122,72,21,12,9,11,28.9,0,0,1,10,868,132,64.4,43.9,363,89.8,64.7,709,56,7.9,53,8.4
ESP-La Liga,2425,Mallorca,28,28.7,46.8,34,24,58,30,4,5,81,6,38.8,34.9,26.5,61.3,479,1184,382,107,28,0.08,0.28,16.3,7,0.09,-4.8,-4.9,12613,16224,77.7,18.422659161182906,76.32432432432432,5538,6293,88,5349,6310,84.8,1466,2803,52.3,28.3,-2.5,282,973,239,112,14337,1809,471,44,93,757,145,58,73,3,292,684,471,96,30,48,33,6,60,45,8,0,2,4,1,584,361,305,211,68,257,500,51.4,243,389,153,326,910,1161,17,20649,2598,7168,9299,4391,635,20644,583,255,43.7,260,44.6,10945,5.165098218,55.86638830897704,409,85,567,377,12481,1169,18,1.26,44,-9,46.8,-8.1,466,432,78,735,3,1,1523,672,609,52.5,165,122,75.2,13,9,16,9,23.7,0,0,0,4,925,144,49,41.8,355,45.4,38.1,638,23,3.6,27,11.2
ESP-La Liga,2425,Osasuna,25,27.4,46.1,46,28,74,37,9,9,88,0,44,37.8,29.8,67.6,567,1221,409,123,30.1,0.09,0.3,16.7,9,0.09,2,-0.8,12184,16028,76,18.916529875246226,75.85913185913186,5022,5858,85.7,5403,6487,83.3,1489,2835,52.5,33.4,-1.8,300,963,265,127,14070,1892,487,28,133,831,175,64,50,2,349,726,503,93,39,42,43,6,82,49,5,5,8,14,1,614,365,296,239,79,311,618,50.3,307,388,102,266,880,918,16,20036,2263,6318,8904,5007,737,20027,592,260,43.9,279,47.1,10439,5.207874317463358,47.657848324514994,424,134,532,293,12053,1204,18,1.37,52,-4,53.7,-9.7,508,379,66,819,7,1,1461,617,515,54.5,187,136,75.9,12,16,10,9,23.7,0,0,1,4,978,143,44.9,44.4,309,68,48.3,538,33,6.1,86,10.6
ESP-La Liga,2425,Rayo Vallecano,26,29.3,51.7,38,27,65,38,0,1,96,3,45.4,44.6,36.2,80.9,589,1362,514,162,31.5,0.07,0.23,19.3,25,0.09,-7.4,-6.6,13936,17861,78,17.749641216991964,69.60425844,6459,7310,88.4,5793,6748,85.8,1401,2920,48,32.2,-9.2,374,1081,242,85,15874,1908,436,46,112,868,202,107,65,0,395,886,648,82,45,58,41,12,59,38,4,7,7,1,2,626,396,328,218,80,309,664,46.5,355,443,128,334,960,973,22,22372,2557,7799,9339,5455,711,22371,647,286,44.2,304,47,12068,4.839410009943653,49.50084889643463,431,143,630,327,13833,1346,22,1.37,45,-4,49,-3.5,522,391,79,769,8,1,1688,485,540,47.3,153,107,74.5,13,13,12,10,26.3,2,25,0,6,1032,150,47.2,38.2,319,48,40.6,532,37,7,39,14.4
ESP-La Liga,2425,Real Madrid,30,26.6,60.4,78,55,133,68,10,14,57,4,75.3,64.5,54.6,119,983,1967,621,229,36.9,0.11,0.3,18.1,15,0.11,2.7,3.5,21356,24221,88.2,16.682150215396142,56.178444331469244,10517,11248,93.5,8566,9311,92,1723,2595,66.4,52.2,0.4,501,1773,359,34,22370,1766,549,90,221,620,243,113,63,1,316,1160,860,84,92,70,39,15,137,98,9,11,10,8,1,586,359,294,209,83,264,486,54.3,222,353,105,331,917,633,19,28252,2392,7662,12794,8048,1181,28238,878,412,46.9,384,43.7,17893,5.217403454,51.226856561546285,696,364,528,290,21223,1953,18,2.21,38,40,42.8,32.5,332,518,85,578,3,1,1541,334,267,55.6,126,89,72.2,26,6,6,15,39.5,0,0,0,7,960,205,19.9,24,279,24,29.3,416,19,4.6,27,12
ESP-La Liga,2425,Real Sociedad,31,25.1,53.8,34,22,56,30,4,4,85,4,42.5,39.4,31,70.4,645,1341,387,123,31.8,0.08,0.24,17.5,10,0.1,-8.5,-9.4,14880,18757,79.3,17.605846774193548,67.04325130499628,6750,7619,88.6,6360,7432,85.6,1421,2687,52.9,30.7,-9,286,1087,242,64,16759,1916,513,33,146,832,216,78,95,0,369,686,497,74,38,34,31,12,59,42,5,5,2,5,0,649,401,309,244,96,308,579,53.2,271,428,120,283,932,913,21,23027,2275,7208,10770,5243,747,23023,659,295,44.8,307,46.6,12532,5.3553303542930095,52.840310077519376,417,163,603,297,14716,1325,25,1.21,46,-11,43.9,-1.4,501,417,82,739,7,0,1569,578,606,48.8,142,94,71.1,13,7,18,13,34.2,2,28.6,0,5,1072,122,31.8,28.3,271,56.1,44.8,467,30,6.4,43,16.8
ESP-La Liga,2425,Sevilla,35,26.1,50.5,39,32,71,37,2,3,98,8,42.7,40.3,30.8,71.1,594,1193,472,148,31.4,0.08,0.25,18.8,14,0.09,-3.7,-3.3,14432,18057,79.9,17.524182372505543,74.15842414082145,6743,7466,90.3,6146,7086,86.7,1267,2706,46.8,24.4,1.2,357,1072,210,60,16196,1791,473,40,130,778,185,109,33,1,314,824,600,69,60,51,31,13,71,59,4,3,4,1,0,648,390,321,240,87,312,563,55.4,251,368,88,367,1015,931,17,22465,2404,8057,9800,4813,669,22462,720,339,47.1,320,44.4,11147,5.236027630752669,50.14478114478114,397,161,624,331,14288,1186,18,1.08,55,-13,47.4,-4.7,494,402,70,612,6,1,1551,531,442,54.6,148,93,66.2,10,11,17,10,26.3,1,16.7,3,4,1061,146,43.4,37.2,264,47.7,39.4,513,27,5.3,43,13.8
ESP-La Liga,2425,Valencia,32,24.7,48.4,43,26,69,38,5,5,86,1,43.3,39.3,30,69.3,572,1340,383,116,30.3,0.1,0.33,17.2,6,0.11,-0.3,-1.3,13938,17708,78.7,17.706916343808295,64.68805970149253,6341,7094,89.4,6081,7066,86.1,1284,2634,48.7,33.4,-4,284,1109,254,91,15738,1898,566,38,128,770,186,69,74,3,395,678,503,66,27,34,32,16,71,49,4,3,8,5,2,647,415,340,228,79,321,573,56,252,366,96,302,949,953,19,21876,2290,7206,9840,5033,653,21871,625,236,37.8,321,51.4,11347,5.232660615140566,53.98076923076923,414,122,534,340,13802,1328,19,1.21,54,-10,51.9,-8.6,442,446,72,763,9,3,1550,449,540,45.4,148,95,67.6,11,13,14,8,21.1,2,25,0,4,925,159,39.4,40.5,286,54.9,43.2,523,36,6.9,54,25.7
ESP-La Liga,2425,Levante,28,27.2,49.1,67,45,112,60,7,8,85,1,34.6,30.7,25.7,56.4,476,991,331,97,29.3,0.06,0.22,18,11,0.09,-8.6,-9.7,12052,15387,78.3,18.95278791901759,84.39152371342078,4795,5456,87.9,5607,6494,86.3,1410,2699,52.2,24.3,-10.7,256,752,176,93,13486,1834,544,37,126,647,156,81,38,2,265,601,425,63,48,21,36,8,42,30,0,6,1,5,0,596,357,342,204,50,276,566,48.8,290,450,160,311,907,944,29,19507,2681,8158,8153,3393,523,19502,624,289,46.3,266,42.6,9680,5.610743801652893,57.82352941,316,120,513,268,11933,976,25,1.88,42,27,67.6,-33,459,486,67,671,7,1,1355,544,524,50.9,204,115,59.3,22,13,7,5,13.2,0,0,2,5,1042,167,35.6,33.8,360,49.7,41,580,39,6.7,38,10.4
ESP-La Liga,2425,Villarreal,31,26.7,47.6,69,51,120,64,5,7,96,4,64.8,59.1,49.7,108.8,693,1522,530,171,32.3,0.12,0.37,16,9,0.12,4.2,4.9,14532,17825,81.5,18.084227910817507,63.32982917214192,6234,6978,89.3,6564,7485,87.7,1463,2559,57.2,48,1.3,427,1146,371,102,16035,1713,513,78,124,633,183,77,60,2,318,962,729,82,41,59,35,16,124,101,4,4,8,6,1,649,396,333,236,80,336,628,53.5,292,426,131,281,930,922,21,22112,2612,7831,9120,5352,983,22105,627,279,44.5,278,44.3,12034,5.267076616253947,49.84126984126984,503,202,560,289,14383,1510,21,1.84,51,20,44.4,20.4,442,463,77,674,8,1,1547,492,399,55.2,160,110,72.5,20,10,8,7,18.4,0,0,2,6,834,207,29.4,28.2,296,31.8,30.8,579,34,5.9,36,11.9
FRA-Ligue 1,2425,Angers,30,27.5,41.2,31,17,48,26,5,6,49,2,36,31.3,23.5,54.7,502,953,311,91,29.3,0.08,0.29,18.3,13,0.1,-5,-5.3,11082,14057,78.8,17.621728929796067,77.06925498426023,4970,5624,88.4,4828,5656,85.4,1022,2043,50,22.7,-6.5,216,777,200,63,12474,1514,422,53,69,594,129,52,54,4,256,546,389,49,25,33,29,21,55,34,4,3,4,8,2,624,392,340,202,82,294,607,48.4,313,365,116,336,960,903,20,17919,2146,6594,7732,3813,512,17913,613,249,40.6,331,54,9398,5.5074483932751646,53.68725099601593,365,98,493,297,10991,943,20,1.06,53,-21,57.8,-21.8,380,398,69,575,5,0,1414,334,428,43.8,190,137,74.2,10,6,18,7,20.6,0,0,0,7,762,184,39,39,283,52.7,42.1,551,49,8.9,22,16.8
FRA-Ligue 1,2425,Auxerre,29,25.9,42.5,47,35,82,43,4,5,68,4,41,37.3,32,69.3,484,1084,375,144,38.4,0.11,0.3,17.5,10,0.1,6,5.7,11002,14162,77.7,18.31439738229413,71.51937269372694,4812,5517,87.2,4576,5349,85.5,1301,2498,52.1,24.3,3,296,804,212,68,12617,1497,451,34,168,584,134,49,65,0,287,688,512,58,35,38,25,20,87,52,10,8,7,9,1,657,403,330,232,95,316,606,52.1,290,394,125,350,1007,944,17,18188,2265,6744,7753,3877,614,18183,622,258,41.5,324,52.1,10101,5.091377091377091,51.62396694214876,350,137,452,346,10927,1078,16,1.24,51,-3,58.6,-17.6,404,362,48,542,8,3,1492,412,422,49.4,173,123,74,11,9,14,10,29.4,2,25,0,7,944,178,54.6,40.3,244,67.6,49.8,556,31,5.6,42,13.1
FRA-Ligue 1,2425,Brest,30,28.2,48.4,52,32,84,45,7,9,69,3,45.4,38.3,29.4,67.8,470,1096,409,151,36.9,0.11,0.3,17,7,0.1,6.6,6.7,12678,16021,79.1,18.607114686859127,77.8330292,5284,6055,87.3,5575,6467,86.2,1526,2732,55.9,30.3,2.6,302,929,189,64,14404,1575,485,41,133,614,142,71,62,0,292,730,498,81,25,48,55,23,85,51,6,4,13,8,3,656,426,291,255,110,308,583,52.8,275,363,105,316,972,869,14,19884,2240,6822,8962,4265,644,19875,490,209,42.7,245,50,10454,5.294911038836809,56.96170212765958,348,117,509,246,12586,1084,20,1.47,59,-7,57.4,-12,430,413,42,641,10,2,1471,534,508,51.2,141,83,63.8,15,5,14,10,29.4,1,11.1,1,5,944,141,41.9,31.4,242,60.3,46.2,489,34,7,56,18.5
FRA-Ligue 1,2425,Le Havre,31,26.9,43.1,37,21,58,28,9,10,56,4,41.3,33.3,24.3,57.5,538,1051,339,97,28.6,0.08,0.29,17.8,14,0.1,-4.3,-5.3,11125,14115,78.8,18.444044943820224,68.57469077069457,4445,5095,87.2,5289,6120,86.4,1156,2182,53,25.8,-3.3,230,786,201,85,12577,1488,442,24,82,572,131,89,31,0,274,588,386,57,32,45,53,15,62,38,3,4,8,8,1,621,387,326,212,83,304,562,54.1,258,362,131,324,945,987,24,17975,2197,6737,7822,3637,581,17965,512,233,45.5,236,46.1,9506,5.5058910162002945,49.15427509,347,93,448,311,11013,1033,19,1,71,-31,62.8,-21.5,379,403,50,695,6,1,1399,451,436,50.8,175,104,62.3,10,4,20,4,11.8,1,16.7,1,8,817,147,31,32.4,238,34,31.1,546,33,6,15,10.5
FRA-Ligue 1,2425,Lens,33,27.1,54.1,40,26,66,35,5,5,86,8,51.8,48.3,36.2,84.4,570,1451,484,148,30.6,0.07,0.24,16.7,7,0.1,-11.8,-13.3,14837,18173,81.6,16.504414639077982,60.41006202618883,7330,8209,89.3,5806,6685,86.9,1219,2163,56.4,41.1,-10.2,365,1117,354,100,16605,1484,396,59,78,628,186,87,71,0,346,859,647,70,42,66,22,12,65,47,2,5,8,2,1,606,365,264,233,109,299,579,51.6,280,387,101,321,927,705,19,22167,1929,6346,10186,5833,848,22162,582,249,42.8,297,51,12325,4.936064908722109,52.76140350877193,479,122,576,341,14727,1440,19,1.53,39,3,45.3,6.5,499,360,84,706,9,0,1576,450,414,52.1,142,102,78.2,15,7,12,13,38.2,1,11.1,2,4,852,162,31.7,33.2,201,34.8,31,381,41,10.8,34,9.4
FRA-Ligue 1,2425,Lille,27,26.1,57.6,52,29,81,45,7,10,77,2,54.7,47.5,35.1,82.6,669,1616,424,154,36.3,0.11,0.29,16.6,15,0.12,-2.7,-2.5,16765,19728,85,17.51225767968983,58.00123762376238,7248,8031,90.3,7757,8568,90.5,1382,2203,62.7,40,-6.1,318,1393,345,70,18220,1460,415,42,101,602,168,50,70,1,308,769,582,62,33,52,31,9,84,51,4,4,14,9,2,626,356,241,273,112,311,554,56.1,243,302,74,271,897,637,22,23278,1932,6099,11352,5991,854,23268,598,283,47.3,288,48.2,13642,5.219395982993696,55.89686098654708,512,158,513,300,16614,1603,20,1.76,36,16,42.5,12.2,410,376,48,535,4,1,1535,392,350,52.8,126,91,74.6,17,9,8,11,32.4,0,0,0,6,874,144,28.4,29.6,206,19.4,24.5,373,21,5.6,24,13.9
FRA-Ligue 1,2425,Lyon,31,27.4,56.4,62,46,108,54,8,10,60,0,60.3,52.5,44.4,96.9,709,1615,434,173,39.9,0.12,0.31,16.2,6,0.12,1.7,1.5,16061,19063,84.3,16.41722184172841,54.90154799,7944,8738,90.9,6605,7372,89.6,1102,1978,55.7,52.5,1.6,350,1215,371,58,17487,1505,416,61,112,606,185,79,75,0,353,802,637,52,34,51,24,4,114,90,2,7,9,6,0,576,340,257,230,89,310,595,52.1,285,346,113,282,858,695,25,22636,2155,6644,10377,5810,999,22626,546,238,43.6,277,50.7,13430,5.057706626954579,51.91396332863187,483,201,456,281,15904,1600,18,1.68,46,19,45.7,14.6,407,357,71,598,3,0,1422,305,332,47.9,166,120,74.1,17,6,11,10,29.4,0,0,1,6,848,185,29.7,27.5,218,28.4,28.9,422,26,6.2,29,7
FRA-Ligue 1,2425,Marseille,32,26.7,63.3,70,49,119,62,8,10,64,6,63.8,55.8,44.6,100.5,664,1714,481,185,38.5,0.13,0.34,16.7,15,0.12,6.2,6.2,20427,23240,87.9,15.850736769961326,59.21003500583431,10229,10983,93.1,8543,9350,91.4,1062,1793,59.2,43.4,4.4,381,1513,325,69,21718,1469,454,58,75,578,177,80,69,0,328,878,648,71,55,64,25,15,129,99,3,8,8,7,4,552,358,244,229,79,274,472,58.1,198,272,70,280,832,523,31,26602,1928,6930,13580,6271,850,26592,607,278,45.8,300,49.4,16260,4.647293972939729,59.31024096385542,499,197,471,313,20224,1703,21,1.91,47,27,45.2,18.6,394,371,53,609,6,2,1485,312,249,55.6,135,87,67.4,20,5,9,5,14.7,3,50,1,4,1023,133,16.1,24.4,179,20.7,22.5,309,28,9.1,59,18.3
FRA-Ligue 1,2425,Monaco,28,24.4,55,63,49,112,57,6,7,60,4,72.8,67.7,55.3,123,670,1638,493,180,36.5,0.12,0.32,15.7,9,0.14,-9.8,-10.7,14561,17916,81.3,16.854062221001303,55.03907203907204,6877,7784,88.3,6192,7109,87.1,1143,2134,53.6,54.1,-6.3,390,1232,391,59,16257,1590,494,88,88,622,184,87,70,0,288,868,658,67,38,56,31,18,106,77,7,4,11,5,2,670,429,281,287,102,339,624,54.3,285,350,70,357,1027,667,18,21883,1745,5633,10914,5558,969,21876,613,266,43.4,300,48.9,12485,5.282338806567881,51.364179104477614,534,187,601,341,14447,1629,19,1.79,41,22,34.8,38,462,444,69,563,3,0,1763,426,421,50.3,128,87,70.3,18,7,9,11,32.4,0,0,1,3,737,146,27.1,30.5,216,31.9,31.9,379,30,7.9,38,14
FRA-Ligue 1,2425,Montpellier,35,26.1,45.3,23,13,36,20,3,4,87,7,33.5,30.4,23,53.4,529,1039,371,111,29.9,0.05,0.18,18.7,20,0.09,-10.5,-10.4,11442,14420,79.3,18.418108722251354,73.17516843118383,4844,5530,87.6,4897,5675,86.3,1384,2425,57.1,23.6,-10,255,875,169,75,12786,1569,460,45,109,575,155,55,75,0,276,614,429,57,32,34,44,18,39,23,4,5,3,4,0,631,389,302,264,65,310,608,51,298,368,123,273,904,733,25,18133,2072,6036,8263,4032,540,18129,609,262,43,302,49.6,9615,5.680083203328133,51.321361058601134,362,138,478,296,11348,1030,23,0.47,79,-56,63.3,-29.9,427,438,65,646,9,3,1349,374,442,45.8,194,117,63.4,4,4,26,1,2.9,1,11.1,0,5,840,134,45.1,34.5,271,43.2,35.4,463,28,6,29,13.3
FRA-Ligue 1,2425,Nantes,30,26.7,40.4,39,27,66,34,5,5,71,4,39.1,35.3,27.8,63.1,502,1053,345,119,34.5,0.1,0.29,15.9,4,0.11,-0.1,-1.3,10999,13956,78.8,18.011819256296025,72.1994302,4741,5379,88.1,4886,5607,87.1,1116,2236,49.9,26.3,-0.8,257,878,216,85,12362,1563,437,28,46,658,143,67,61,0,280,616,441,59,43,37,23,13,64,46,1,8,6,3,0,645,376,338,224,83,321,565,56.8,244,402,116,283,928,1007,10,17874,2137,6120,8089,3839,644,17869,525,227,43.2,278,53,9492,5.058575642646439,47.29282868525896,344,141,485,286,10932,1044,15,1.06,52,-13,55.4,-16.3,413,389,31,611,8,3,1289,426,439,49.2,148,99,69.6,8,12,14,6,17.6,0,0,0,4,809,139,39.9,34.4,240,58.3,41.5,588,33,5.6,15,10.9
FRA-Ligue 1,2425,Nice,31,26.4,47.5,62,43,105,56,6,6,59,5,61.6,56.9,42.9,99.8,701,1320,486,183,37.7,0.12,0.31,16.2,14,0.13,0.4,-0.9,13129,16103,81.5,16.865640947520756,62.71515151515152,6345,7100,89.4,5509,6336,86.9,1015,1909,53.2,40.6,0.1,353,951,321,65,14573,1474,440,88,62,556,170,60,72,0,299,861,626,63,53,61,38,20,105,74,8,6,8,8,1,633,399,297,242,94,297,534,55.6,237,417,127,365,998,784,32,20206,2171,6488,9270,4693,843,20200,687,295,42.9,346,50.4,10937,5.349364542,47.048502139800284,413,171,540,315,13013,1312,17,1.76,41,25,40.2,21.4,391,417,56,599,3,1,1608,427,402,51.5,161,120,75.8,17,9,8,8,23.5,1,33.3,0,4,877,173,24.5,28.6,233,24.5,25.3,470,39,8.3,33,12.8
FRA-Ligue 1,2425,Paris S-G,28,23.6,68,89,69,158,83,6,7,37,0,88.9,83.3,70.8,154.1,936,2123,628,272,43.3,0.13,0.31,16.3,13,0.14,0.1,-0.3,23156,25781,89.8,16.612152357920195,51.945360339142724,10887,11622,93.7,10098,10815,93.4,1623,2267,71.6,61.3,-1.8,521,1849,450,71,24296,1431,410,97,175,580,216,63,70,1,308,1153,921,59,64,59,27,23,158,124,4,11,10,6,3,619,386,242,266,111,325,607,53.5,282,360,103,265,884,493,19,29502,1991,6704,14734,8262,1211,29495,802,364,45.4,393,49,18244,5.093619820214865,53.36431623931624,701,347,488,329,23027,2114,24,2.47,35,57,31.2,57.7,307,336,54,562,3,1,1654,262,214,55,103,69,68.9,26,6,2,7,20.6,0,0,1,6,818,140,17.8,29.1,156,26.9,26.4,298,16,5.4,34,18
FRA-Ligue 1,2425,Reims,34,24.5,44.1,32,19,51,31,1,2,66,6,37.4,35.9,26.5,62.3,586,1156,393,111,28.2,0.08,0.28,17.6,8,0.09,-5.4,-4.9,11657,14602,79.8,17.451059449257958,65.30276816608996,5338,6018,88.7,4868,5628,86.5,1110,2150,51.6,28.4,-7.5,276,861,224,80,13035,1508,432,38,94,576,134,56,58,0,251,689,505,53,39,50,27,15,57,43,3,4,7,0,0,558,359,313,174,71,285,551,51.7,266,392,145,289,847,958,20,18663,2437,6983,7699,4213,649,18661,629,279,44.4,312,49.6,9968,5.926364365971107,52.407849829351534,420,139,576,304,11542,1140,20,0.97,47,-14,57.4,-19.9,392,372,59,611,5,0,1407,378,430,46.8,179,131,76,8,9,17,7,20.6,1,20,1,8,928,153,36.6,33.3,285,48.1,37.3,554,31,5.6,42,14.6
FRA-Ligue 1,2425,Rennes,35,25.1,50.9,51,32,83,46,5,8,67,2,48.6,42.7,29.6,72.4,663,1440,423,155,36.6,0.11,0.3,17.3,8,0.1,2.4,3.3,13914,16913,82.3,17.606798907575104,58.85486111111111,6055,6811,88.9,6276,7138,87.9,1246,2132,58.4,32.5,2.4,318,1083,265,62,15272,1593,483,37,120,638,170,86,49,0,307,757,559,72,36,46,29,15,83,57,5,6,8,5,2,596,363,282,234,80,296,510,58,214,350,96,337,933,739,14,20688,1999,6281,9624,4970,763,20680,643,270,42,327,50.9,11438,5.3735792970799094,47.72850678733032,429,186,508,344,13788,1421,20,1.21,50,1,46,2.6,445,382,48,580,6,2,1458,443,393,53,138,87,65.9,13,2,19,11,32.4,3,50,1,6,970,132,29.3,23.8,219,35.2,31.5,402,23,5.7,37,28
FRA-Ligue 1,2425,Saint-Étienne,32,25.9,47.1,39,28,67,36,3,4,65,3,36.4,33.2,24.6,57.8,529,1262,366,115,31.4,0.1,0.31,18.1,8,0.1,2.6,2.8,13001,15954,81.5,16.78193985078071,63.782884310618066,6224,6913,90,5489,6265,87.6,973,1997,48.7,26.5,3.4,269,1024,237,34,14389,1519,425,51,48,590,129,37,55,0,261,628,465,44,45,39,24,11,65,47,3,6,5,4,0,581,382,291,216,74,296,594,49.8,298,404,135,328,909,854,26,19848,2437,6917,8493,4607,600,19844,558,239,42.8,294,52.7,10318,4.9602636169800345,49.24952741020794,334,138,550,309,12920,1254,20,0.88,77,-38,74.3,-37.9,449,361,46,402,15,2,1428,342,386,47,209,132,69.4,8,6,20,5,14.7,2,13.3,0,4,919,145,41,34.7,264,41.3,33.6,510,24,4.7,33,14
FRA-Ligue 1,2425,Strasbourg,30,21.4,50.1,54,43,97,52,2,2,71,3,49.3,47.7,38.5,86.2,563,1204,354,140,39.5,0.15,0.37,16,10,0.14,4.7,4.3,14667,17462,84,17.222813117883685,72.97757475083057,6434,7096,90.7,6989,7831,89.2,998,1882,53,32.5,4.5,273,896,216,50,15928,1486,485,58,46,543,140,64,57,0,253,622,456,50,41,34,25,16,93,71,6,3,6,5,2,537,335,256,213,68,257,459,56,202,376,111,282,819,899,17,21307,2567,8555,9120,3825,614,21305,629,282,44.8,304,48.3,12112,4.690059445178336,52.84191829484902,365,170,514,263,14530,1191,16,1.68,44,12,56.1,-6.9,393,417,48,496,9,2,1436,339,324,51.1,169,126,78.7,16,9,9,10,29.4,1,11.1,0,3,1434,148,22.2,23.9,240,27.1,26.3,539,43,8,50,11.1
FRA-Ligue 1,2425,Toulouse,27,25.2,45,42,34,76,39,3,4,54,3,49.1,46,34.7,80.6,543,1219,399,145,36.3,0.1,0.27,15.4,7,0.12,-7.1,-7,11674,14867,78.5,17.446719205071098,61.458572600492204,5182,5953,87,5259,6118,86,964,2027,47.6,38,-0.7,297,879,284,65,13229,1592,463,44,95,657,163,93,52,0,287,699,484,80,36,43,41,15,78,56,6,5,4,6,1,605,364,264,253,88,318,608,52.3,290,341,103,281,886,775,15,18606,1884,6030,8440,4363,789,18602,616,277,45,306,49.7,10414,4.909160745150759,48.613259668508285,369,155,527,311,11568,1201,17,1.24,43,1,36.8,12.4,441,415,46,580,2,3,1531,426,443,49,108,67,61.1,11,9,14,10,29.4,1,50,1,5,718,97,34.3,30,233,45.1,35.4,439,10,2.3,37,
GER-Bundesliga,2425,Augsburg,29,26.8,44.3,35,26,61,34,1,2,78,5,34.7,33.1,25.1,58.2,450,1162,397,114,28.7,0.09,0.3,17.4,10,0.08,0.3,0.9,11577,14936,77.5,18.41824306815237,71.09896729776248,4900,5714,85.8,5187,6033,86,1267,2377,53.3,33.1,0.9,296,905,248,77,13228,1649,415,32,48,699,156,63,61,1,362,704,505,80,34,43,37,5,63,42,7,5,5,3,1,464,300,198,202,64,233,430,54.2,197,417,121,341,805,971,16,19036,2215,6126,8404,4701,681,19034,555,228,41.1,280,50.5,10166,4.745721030887271,52.65777777777778,356,97,587,297,11478,1149,23,1.26,51,-16,48.9,-14.2,351,373,59,578,5,2,1441,529,491,51.9,156,107,70.5,11,10,13,11,32.4,0,0,1,5,966,123,40.4,35.2,295,58,44.7,554,21,3.8,44,13.3
GER-Bundesliga,2425,Bayern Munich,29,27.7,67.9,96,66,162,87,9,10,48,1,81.7,74,59.7,133.7,831,2138,636,255,40.1,0.14,0.34,16.7,19,0.12,14.3,13,22755,25733,88.4,16.530916282135795,54.98269410664172,11338,12153,93.3,9489,10320,91.9,1548,2329,66.5,75.9,6.3,511,2131,464,67,24287,1390,366,129,125,588,220,127,25,1,335,1168,902,64,91,63,37,11,161,108,6,19,16,9,3,506,300,166,233,107,250,450,55.6,200,318,52,232,738,518,23,29435,1651,6130,14825,8664,1212,29425,791,383,48.4,354,44.8,18048,4.987311613475177,54.903730445246694,683,265,495,264,22614,2125,21,2.41,32,67,25.5,56.2,295,341,56,612,2,0,1665,418,344,54.9,80,48,61.3,25,7,2,16,47.1,0,0,0,4,1192,123,23,28.2,150,21.3,26.5,267,12,4.5,70,12.3
GER-Bundesliga,2425,Bochum,27,28,45.5,32,23,55,31,1,3,71,2,41.8,39.3,30,69.4,378,1090,433,133,30.7,0.07,0.23,17.7,11,0.09,-9.8,-8.3,10281,14230,72.2,19.696430308335763,78.72568807,3889,4696,82.8,4761,5852,81.4,1433,2841,50.4,35.5,-7,308,865,235,76,12544,1623,348,40,38,711,165,106,53,0,368,739,535,83,24,50,33,14,53,30,5,5,8,3,2,600,360,318,207,75,306,572,53.5,266,475,142,294,894,906,23,18311,2240,6257,8021,4198,683,18308,421,167,39.7,239,56.8,9051,4.725776157330682,50.54761904761905,292,89,524,235,10164,1077,20,0.74,67,-34,63.2,-21.3,465,293,63,679,6,0,1447,744,665,52.8,153,83,57.5,5,8,21,5,14.7,2,40,3,7,1061,94,55,43.6,299,77.6,52.1,467,18,3.9,51,14.8
GER-Bundesliga,2425,Dortmund,28,26.6,58.9,69,56,125,64,5,6,71,6,61.2,56.5,47.4,103.9,701,1563,478,157,32.8,0.13,0.41,16.1,9,0.12,7.8,7.5,17077,20321,84,17.286525736370557,62.87523992322457,7783,8536,91.2,7542,8376,90,1403,2463,57,50.4,8.6,372,1348,324,86,18695,1583,431,67,93,659,191,105,51,3,320,857,628,58,72,58,26,15,123,88,4,13,8,5,5,523,319,232,196,95,261,492,53,231,375,100,249,772,726,18,24214,2170,6972,11525,5921,916,24208,747,341,45.6,334,44.7,14567,4.959428846,52.711840228245364,522,219,502,307,16922,1555,20,1.68,51,20,42.8,18.4,330,343,43,698,4,1,1480,474,418,53.1,140,89,66.4,17,6,11,7,20.6,0,0,0,5,1101,129,26.4,34.8,220,35.5,30.6,444,23,5.2,49,14.8
GER-Bundesliga,2425,Eint Frankfurt,26,24.9,49.7,68,47,115,65,3,5,55,1,65.1,61.4,45.2,106.6,585,1347,480,172,35.8,0.14,0.38,16.4,13,0.13,2.9,3.6,13925,17138,81.3,16.779174147217237,63.83444691907943,6627,7329,90.4,5810,6682,87,1094,2198,49.8,43.6,1.8,354,1033,308,55,15585,1496,398,48,64,582,168,103,46,0,305,849,594,65,57,77,36,20,115,67,8,17,13,5,5,566,341,267,219,80,280,508,55.1,228,425,128,287,853,994,26,21315,2574,7332,9549,4619,871,21310,609,293,48.1,272,44.7,12239,4.847618269,50.955555555555556,428,188,561,262,13804,1337,20,1.76,46,22,48,17.1,341,304,57,539,3,2,1486,467,437,51.7,163,117,72.4,17,9,8,9,26.5,2,66.7,0,10,966,157,36.2,33.2,269,29,28.1,531,40,7.5,46,14
GER-Bundesliga,2425,Freiburg,26,27.1,48.7,46,35,81,46,0,4,54,2,44.3,41.1,30.5,71.7,442,1129,405,132,32.6,0.11,0.35,16.9,16,0.11,1.7,4.9,12892,16460,78.3,17.851303133726343,74.17714791851196,5552,6386,86.9,5789,6731,86,1209,2417,50,36.3,4.5,285,981,253,74,14973,1426,362,34,56,597,132,79,39,0,317,714,501,63,38,57,44,11,84,60,7,3,9,4,1,511,317,225,222,64,235,457,51.4,222,400,112,276,787,811,21,20178,2220,6656,9166,4504,722,20174,486,215,44.2,237,48.8,10294,5.248882844375364,60.09954751131222,319,119,456,259,12683,1120,18,1.62,53,-4,42.4,1.8,316,325,61,589,4,1,1368,596,608,49.5,150,96,66,16,7,11,11,32.4,2,50,1,6,1213,138,36.9,37.1,249,53,42.4,481,40,8.3,37,13.4
GER-Bundesliga,2425,Gladbach,26,26.5,49.6,53,39,92,49,4,5,53,3,50.6,46.6,37.7,84.3,530,1112,413,153,37,0.12,0.32,16.4,5,0.11,2.4,2.4,14148,17507,80.8,17.340048063330507,78.58812949640287,6502,7257,89.6,6076,7009,86.7,1261,2322,54.3,34.9,1.3,308,848,278,93,15877,1565,385,80,69,632,158,67,71,0,362,736,542,73,27,50,29,15,93,73,7,3,5,4,1,504,284,278,177,49,240,473,50.7,233,445,166,317,821,1067,23,21519,2921,8283,9361,4035,702,21514,469,206,43.9,231,49.3,11672,5.012594242631939,55.80566037735849,360,131,420,269,14002,1104,16,1.32,57,-2,63.4,-12.7,339,326,65,617,8,2,1308,530,473,52.8,191,135,73.8,13,6,15,7,20.6,1,12.5,1,8,1217,158,31.1,32.7,300,31.7,28.8,594,35,5.9,28,15.1
GER-Bundesliga,2425,Heidenheim,27,26.8,43.5,37,26,63,32,5,5,66,1,40.3,36.3,28.6,64.9,516,974,398,124,31.2,0.08,0.26,17.3,12,0.09,-3.3,-4.3,11127,14684,75.8,19.346544441448728,85.56776180698152,4145,4986,83.1,5303,6225,85.2,1428,2682,53.2,31.4,-2.6,294,806,231,84,12981,1653,413,20,77,703,140,69,47,0,330,713,489,77,43,47,49,8,60,32,8,4,9,6,1,614,356,322,235,57,294,558,52.7,264,435,109,312,926,952,15,18836,2427,7356,7915,3789,619,18831,532,232,43.6,250,47,10014,5.201318154583583,50.61434108527132,347,94,537,240,11035,959,23,0.85,64,-27,57.6,-17.4,385,390,50,581,6,0,1420,553,646,46.1,171,107,66.1,8,5,21,9,26.5,0,0,0,7,1066,160,32.6,38,301,38.2,37.5,478,22,4.6,21,14.8
GER-Bundesliga,2425,Hoffenheim,35,26.4,48.7,46,30,76,43,3,3,66,2,42.6,40.3,32.7,73,481,1218,440,148,33.6,0.1,0.29,17.7,11,0.09,3.4,2.7,12827,16506,77.7,17.579402822171982,70.36453201970443,5746,6593,87.2,5461,6522,83.7,1221,2444,50,38.9,-2.7,324,1041,298,108,14841,1595,405,38,65,702,157,57,62,3,337,790,585,74,39,50,35,7,81,55,8,6,7,4,1,570,336,266,236,68,269,511,52.6,242,450,139,291,861,922,22,20591,2338,6644,9219,4904,762,20588,505,234,46.3,238,47.1,10884,4.759095921,52.103950103950105,391,124,451,293,12717,1208,22,0.94,68,-22,55.8,-13.1,391,366,70,732,6,3,1466,577,588,49.5,173,105,62.4,7,11,16,4,11.8,3,50,1,9,1022,143,45.4,38.7,230,48.3,38.7,491,21,4.3,35,12.8
GER-Bundesliga,2425,Holstein Kiel,27,25.6,43.6,49,29,78,45,4,5,77,4,39.8,35.9,26.7,62.6,359,875,368,133,36.1,0.12,0.34,17.8,12,0.1,9.2,9.1,10537,13961,75.5,19.154218468254722,90.78285714285714,4072,4768,85.4,5038,5991,84.1,1261,2558,49.3,27.8,2.3,266,676,181,69,12298,1619,409,30,58,667,120,58,46,1,293,652,459,74,21,49,40,9,81,49,8,5,10,6,3,541,328,292,174,75,277,530,52.3,253,409,155,294,835,1126,22,18172,2860,7924,7386,3022,572,18167,424,184,43.4,200,47.2,8483,4.855947188494636,54.70752089,261,81,504,242,10453,860,24,0.74,80,-31,61,-21.1,407,350,44,482,7,3,1267,546,607,47.4,195,117,62.1,6,7,21,2,5.9,1,14.3,3,6,1073,171,36.7,34.5,309,59.2,45.3,668,42,6.3,23,11.1
GER-Bundesliga,2425,Leverkusen,23,27,59.2,70,53,123,67,3,6,62,1,56.9,52,41.9,93.9,696,1692,499,181,36.3,0.13,0.37,16.8,12,0.11,13.1,15,18301,21589,84.8,16.370089066171246,59.18380615,9397,10227,91.9,7044,7969,88.4,1397,2377,58.8,52.1,11.1,387,1610,319,83,19979,1546,409,67,114,622,216,115,47,0,320,910,673,72,55,67,32,11,124,90,8,8,13,4,1,395,259,153,163,79,184,357,51.5,173,302,77,234,629,676,26,25098,1888,5876,12171,7188,918,25092,584,254,43.5,293,50.2,13865,4.8507032095203755,51.30747126436781,496,181,458,253,18137,1678,19,2.03,43,29,36.2,20.6,325,352,64,735,4,4,1463,463,419,52.5,134,95,70.9,19,12,3,9,26.5,0,0,1,2,833,126,31.9,27.9,222,32.4,29.6,348,14,4,45,16.9
GER-Bundesliga,2425,Mainz 05,25,27.4,50.4,53,37,90,49,4,4,71,5,50.1,47,37.5,84.6,466,1286,417,142,34.1,0.12,0.35,16.3,11,0.12,2.9,2,12478,16434,75.9,17.814553614361277,66.69517884914464,5681,6560,86.6,5218,6226,83.8,1280,2671,47.9,45,-0.5,319,1038,309,93,14771,1585,378,43,73,716,165,58,74,6,379,736,557,67,30,42,30,10,93,75,2,0,9,6,1,564,325,234,247,83,236,448,52.7,212,419,128,352,916,947,22,20675,2193,6705,9124,5015,782,20671,496,214,43.1,252,50.8,10562,4.610206400302973,47.396995708154506,334,119,593,295,12386,1272,18,1.53,43,12,48.1,2,408,329,78,658,5,0,1545,618,697,47,150,106,74,14,10,10,9,26.5,1,20,2,9,991,139,49.2,41.6,249,49,41.7,547,47,8.6,66,18
GER-Bundesliga,2425,RB Leipzig,29,25.3,52.2,51,36,87,48,3,4,68,5,46.6,43.4,35.6,79,516,1353,405,144,35.6,0.12,0.33,16.7,11,0.11,4.4,4.6,14698,18207,80.7,16.87011838345353,67.21212121212122,6822,7749,88,6428,7472,86,1090,2013,54.1,40,0.4,313,1138,306,52,16606,1518,394,80,50,630,161,61,66,1,358,721,542,59,39,36,34,11,85,60,4,4,11,5,1,543,333,248,222,73,258,525,49.1,267,500,156,268,811,990,29,22396,2257,6793,10962,4856,757,22392,580,261,45,260,44.8,11429,4.803044885816782,53.833333333333336,392,136,510,312,14621,1346,20,1.5,48,5,53.3,-6.8,376,333,83,563,3,0,1533,480,439,52.2,158,109,70.9,13,12,9,14,41.2,1,33.3,1,8,824,167,21.2,28.6,251,34.3,34.1,512,30,5.9,45,14.8
GER-Bundesliga,2425,St. Pauli,28,26.9,44.2,26,22,48,25,1,2,53,4,35.3,33.7,26.3,60,418,1073,377,109,28.9,0.07,0.23,17.4,14,0.09,-9.3,-8.7,11751,15300,76.8,17.745128074206452,74.19478098788444,5086,5835,87.2,5248,6213,84.5,1110,2391,46.4,28.7,-4.3,278,892,201,72,13659,1575,421,31,60,692,148,66,55,2,303,662,448,72,36,49,43,14,45,29,2,7,5,1,1,537,315,256,217,64,266,511,52.1,245,391,87,257,794,915,21,19141,2257,6816,8232,4244,648,19139,429,179,41.7,201,46.9,9105,5.044151565074135,54.83732057416268,326,122,476,262,11611,1057,16,0.94,41,-13,45.4,-10.1,353,352,66,600,5,1,1350,533,656,44.8,140,96,71.4,8,8,18,9,26.5,4,80,0,5,1212,112,37.5,44.7,241,27.4,26.5,426,24,5.6,27,
GER-Bundesliga,2425,Stuttgart,29,24.9,57.2,61,45,106,59,2,6,72,5,62.3,57.7,45.3,103,545,1493,465,172,37,0.13,0.34,15.7,9,0.13,-1.3,1.3,16513,19767,83.5,16.497547386907286,65.01272605492298,8302,9120,91,6590,7479,88.1,1230,2270,54.2,52.7,-0.3,370,1291,372,90,18113,1592,488,63,72,623,180,72,47,3,289,841,648,52,40,68,24,9,104,72,5,9,12,4,2,477,282,197,199,81,254,476,53.4,222,401,104,298,775,777,20,23545,2241,6719,11421,5572,945,23539,566,264,46.6,272,48.1,13416,5.133870005963029,59.06422018348624,434,170,499,312,16334,1478,19,1.47,53,11,46.9,15.4,358,411,62,637,3,1,1378,468,448,51.1,136,83,62.5,14,8,12,7,20.6,1,33.3,1,7,1093,137,32.6,30.7,212,25.5,26.2,415,21,5.1,57,17.6
GER-Bundesliga,2425,Union Berlin,28,27.2,40,36,25,61,33,3,3,72,1,37,34.7,23.5,58.2,390,1049,414,120,29,0.08,0.28,16.6,7,0.08,-1,-1.7,9960,13705,72.7,17.954116465863454,71.44137273593898,4467,5296,84.3,3994,4998,79.9,1156,2400,48.2,31.6,1.5,292,792,239,75,12135,1503,353,16,53,655,152,66,71,4,335,709,485,96,28,51,41,8,62,37,8,4,7,5,1,537,318,266,223,48,270,507,53.3,237,409,110,312,849,1046,13,17834,2167,6285,7721,3997,688,17831,420,172,41,214,51,8875,4.780507042253521,51.97179487179487,252,107,472,286,9874,1032,22,1.18,51,-16,47.8,-10.7,419,313,67,608,6,1,1368,656,676,49.2,139,86,65.5,10,11,13,8,23.5,4,66.7,1,1,842,161,36.7,31,259,61.4,45.6,568,40,7,39,14.2
GER-Bundesliga,2425,Werder Bremen,23,27.5,50,53,38,91,50,3,5,75,4,49.1,45.7,37.4,83.1,495,1351,424,138,32.5,0.12,0.36,16,12,0.11,3.9,4.3,13999,17550,79.8,17.86127580541467,67.66765358993338,5827,6663,87.5,6247,7263,86,1455,2530,57.5,44,0.6,327,954,335,91,15860,1618,468,57,87,660,161,63,77,1,355,772,584,64,26,49,39,10,94,75,4,1,6,6,2,551,321,245,240,66,276,521,53,245,454,144,315,866,851,27,21493,2477,7701,9226,4721,818,21488,477,195,40.9,240,50.3,12439,4.669105233539674,56.03030303030303,347,126,493,256,13899,1343,17,1.5,57,-3,48.1,1,335,402,72,667,3,3,1453,473,470,50.2,156,102,65.4,14,9,11,10,29.4,0,0,2,4,1072,188,31.1,31.9,239,15.5,21.6,464,35,7.5,34,13.5
GER-Bundesliga,2425,Wolfsburg,27,25.2,46.1,53,38,91,49,4,5,75,3,47.5,43.4,33,76.4,489,1205,432,137,31.7,0.11,0.36,17.3,13,0.1,5.5,5.6,11590,15088,76.8,18.904227782571184,68.12780082987553,4735,5598,84.6,5178,6041,85.7,1421,2665,53.3,36.5,5,316,999,247,53,13434,1605,424,46,120,644,165,99,63,1,336,754,528,80,35,54,45,12,95,57,11,5,11,9,2,491,301,257,175,59,246,540,45.6,294,435,133,312,803,977,19,19121,2295,6603,8190,4491,725,19116,514,209,40.7,268,52.1,10180,4.8275049115913555,47.88752556237219,338,131,504,215,11456,1196,19,1.26,54,2,52.5,-5.1,350,366,49,574,3,1,1344,519,562,48,160,106,67.5,11,10,13,6,17.6,1,33.3,0,11,1066,143,44.2,36.6,285,48.1,38.9,512,24,4.7,22,11.7
ITA-Serie A,2425,Atalanta,32,27.1,55.3,76,54,130,71,5,7,67,1,65,59.5,46.9,106.4,897,1824,538,181,33.6,0.13,0.39,15,5,0.11,11,11.5,17454,20998,83.1,17.467514609831557,53.55701754385965,7796,8669,89.9,7832,8892,88.1,1506,2528,59.6,46.4,7.1,425,1382,395,113,19273,1671,455,48,117,714,194,85,75,1,326,966,736,75,51,71,22,11,131,105,5,4,13,4,0,571,347,238,260,73,272,506,53.8,234,360,98,296,867,679,16,25020,2035,6907,11325,7007,1076,25013,645,257,39.8,330,51.2,15076,5.339811621119661,46.894091415830545,696,254,574,362,17329,1808,24,1.95,37,41,38.6,26.4,435,393,54,778,2,2,1732,585,490,54.4,147,112,76.2,22,8,8,15,39.5,0,0,0,4,980,193,27.6,27.6,233,61.4,47.5,363,21,5.8,56,23.1
ITA-Serie A,2425,Bologna,30,26.4,58.1,56,43,99,50,6,7,61,4,49.3,43.8,35.2,79,639,1468,505,166,32.9,0.1,0.3,17.5,18,0.09,6.7,6.2,15681,19336,81.1,18.86799311268414,66.54359673024523,6113,6881,88.8,7530,8561,88,1765,3072,57.5,30.7,7.8,384,1351,293,109,17378,1895,663,42,138,771,191,57,93,0,307,913,666,84,39,53,51,20,103,78,3,3,9,7,3,591,346,215,270,106,283,538,52.6,255,390,93,258,849,679,20,23304,2070,6703,10984,5817,831,23297,555,221,39.8,266,47.9,13684,5.187956737795966,52.375586854460096,422,167,598,361,15512,1457,21,1.63,47,10,36.7,12.6,537,604,63,756,3,2,1516,579,616,48.5,106,60,57.5,16,14,8,12,31.6,1,33.3,0,3,1386,158,28.6,31.6,187,37.4,35.6,312,29,9.3,32,13
ITA-Serie A,2425,Cagliari,28,26.6,44.9,38,31,69,35,3,3,68,3,42.7,40.3,32,72.4,506,1150,421,115,27.3,0.08,0.3,16,10,0.1,-4.7,-5.3,12092,15802,76.5,18.120575587165067,77.38608695652174,5258,6076,86.5,5403,6411,84.3,1218,2515,48.4,29.3,-1,301,907,234,89,13897,1840,481,25,60,749,181,38,135,0,334,748,516,88,36,66,34,8,71,54,4,2,5,5,1,538,303,264,224,50,238,449,53,211,343,131,276,814,887,18,19802,2531,7637,8203,4166,645,19799,552,228,41.3,274,49.6,10679,4.962824234478884,51.191699604743086,339,115,585,294,11974,1140,22,0.95,56,-16,55.3,-12.6,500,397,65,758,6,0,1522,606,600,50.2,153,97,67.3,9,9,20,7,18.4,0,0,0,10,999,165,42.9,32.2,336,50,40.7,540,28,5.2,36,11.1
ITA-Serie A,2425,Como,38,26.3,54.6,44,39,83,44,0,2,87,7,45.4,43.9,36.6,80.5,658,1377,519,176,33.9,0.08,0.25,17.9,17,0.09,-1.4,0.1,15917,19183,83,16.845699566501224,69.08787218591141,7607,8351,91.1,6561,7392,88.8,1286,2359,54.5,30.8,2.4,405,1150,279,60,17335,1783,597,52,93,726,167,41,70,0,358,920,673,84,44,66,40,13,79,66,2,5,3,1,2,663,412,301,260,102,303,591,51.3,288,348,91,279,942,788,19,23246,2359,7668,10461,5315,791,23244,622,264,42.4,288,46.3,14108,5.009781684150837,53.38601823708207,463,202,577,360,15729,1371,18,1.29,52,-3,43,2.4,503,518,65,568,7,0,1547,472,487,49.2,143,91,68.5,13,10,15,7,18.4,0,0,0,7,1164,163,32,31.9,205,16.1,21.3,433,29,6.7,65,12.5
ITA-Serie A,2425,Empoli,34,25.4,41.7,31,21,52,29,2,3,68,5,32.5,30.1,22.9,53.1,428,1013,367,107,29.2,0.08,0.27,19.1,21,0.08,-1.5,-1.1,10093,13916,72.5,18.50203111067076,73.77492596248766,4015,4844,82.9,4558,5549,82.1,1180,2624,45,19.4,-1.9,269,799,214,71,11976,1883,502,34,71,786,170,63,60,1,312,638,452,53,41,35,39,18,51,35,4,5,4,2,1,689,396,314,293,82,309,543,56.9,234,396,136,323,1012,1072,21,18255,2279,6509,8088,3861,562,18252,505,212,42,238,47.1,8486,5.119608767381569,47.93925234,284,102,594,349,9986,1004,19,0.82,59,-26,50.1,-17.6,570,459,57,620,3,1,1480,577,710,44.8,158,99,63.3,6,13,19,6,15.8,1,50,0,7,944,125,58.3,33.8,328,31.7,28.6,556,37,6.7,20,26
ITA-Serie A,2425,Fiorentina,34,26.3,51,58,39,97,52,6,8,82,3,48.9,42.6,35.1,77.7,620,1240,439,166,37.8,0.12,0.31,18,20,0.1,9.1,9.4,14193,17510,81.1,18.470231804410624,74.16935483870968,5771,6478,89.1,6566,7504,87.5,1565,2733,57.3,27.4,3.9,336,984,244,74,15677,1745,600,27,99,626,148,66,40,1,283,799,579,59,51,50,45,15,100,65,8,9,10,8,0,531,313,267,195,69,248,488,50.8,240,353,123,275,806,911,17,21431,2419,7306,9857,4479,671,21423,600,270,45,254,42.3,12538,5.32740469,52.061290322580646,479,164,535,306,14051,1226,21,1.71,41,19,42.8,6.1,440,550,88,588,3,1,1436,508,487,51.1,148,106,73,19,8,11,12,31.6,2,66.7,0,3,923,143,40.8,28.8,293,47.1,39.2,498,14,2.8,31,17
ITA-Serie A,2425,Genoa,37,26.2,45.6,35,27,62,35,0,2,71,1,37.2,35.5,26.8,62.3,470,980,383,117,30.5,0.09,0.3,17.7,16,0.09,-2.2,-0.5,12025,15727,76.5,18.382286902286904,83.66428571428571,4811,5621,85.6,5664,6683,84.8,1243,2515,49.4,22.6,0.2,285,737,201,78,13887,1785,514,42,57,716,155,58,83,0,330,657,455,80,22,45,44,11,61,45,7,1,6,2,0,672,385,281,287,104,283,566,50,283,422,126,308,980,938,15,20080,2523,7477,8829,3958,644,20078,505,187,37,260,51.5,10006,5.285528682790326,54.193617021276594,343,112,593,289,11902,967,22,1.13,49,-12,47.2,-10,497,448,55,663,8,3,1481,666,696,48.9,158,110,72.8,10,13,15,11,28.9,2,25,0,5,960,142,37.2,42.3,314,47.5,39.7,527,24,4.6,17,3.3
ITA-Serie A,2425,Hellas Verona,32,25.1,38.7,31,20,51,29,2,2,98,9,33.8,32.3,24.8,57.1,449,1011,372,95,25.5,0.08,0.31,17.7,12,0.09,-2.8,-3.3,9854,13457,73.2,18.13385427,68.78338278931751,4411,5150,85.7,4092,4944,82.8,1079,2569,42,20.6,-4.8,276,824,189,61,11789,1613,403,28,91,641,152,68,64,1,283,640,459,66,31,40,31,13,48,29,5,3,6,3,2,672,434,326,271,75,311,592,52.5,281,393,123,329,1001,987,23,17659,2055,5973,8025,3869,532,17657,508,228,44.9,233,45.9,8757,5.388831792,49.44988864142539,338,100,533,254,9765,998,23,0.97,66,-32,53.4,-19.6,579,352,55,562,4,1,1427,671,699,49,172,106,62.8,10,7,21,8,21.1,1,33.3,0,6,793,93,60.9,55.4,313,88.8,59.3,544,32,5.9,26,20.3
ITA-Serie A,2425,Inter,26,29.4,59.4,76,57,133,68,8,9,56,1,66.9,60.1,48.3,108.5,694,1730,565,179,31.7,0.12,0.38,16.3,17,0.11,9.1,7.9,19412,22592,85.9,17.712497424273646,62.342196531791906,8329,9108,91.4,8987,9926,90.5,1751,2661,65.8,49,8.7,434,1353,410,119,20929,1573,442,86,132,635,221,58,125,1,299,1028,781,97,31,62,42,15,133,99,10,5,10,8,1,505,288,215,198,92,239,452,52.9,213,356,126,227,732,676,11,26215,2510,7834,12203,6361,1048,26206,407,158,38.8,199,48.9,16253,5.036424044791731,58.96397694524496,566,155,423,242,19251,1717,22,2.13,35,44,36.4,30.5,417,405,90,751,4,1,1440,604,419,59,130,95,75.4,24,9,5,16,42.1,1,25,0,3,1364,151,17.7,28.6,202,17.8,25.4,437,17,3.9,17,15.8
ITA-Serie A,2425,Juventus,29,24.6,57.2,56,40,96,50,6,6,67,3,51,46.3,35.9,82.2,810,1561,509,175,34.4,0.1,0.29,17.3,11,0.09,5,3.7,18259,21231,86,17.306533764171093,63.27226137091608,8378,9109,92,8078,8869,91.1,1473,2432,60.6,33.2,4.1,393,1390,305,67,19605,1574,411,48,101,664,190,92,68,0,283,908,690,60,55,58,31,14,94,69,5,8,7,3,2,606,353,273,245,88,263,471,55.8,208,404,139,215,821,723,27,25202,2320,7729,11766,5913,856,25196,658,309,47,300,45.6,15347,5.662083794878478,55.72839506172839,558,216,568,293,18089,1548,20,1.84,35,23,34,16.9,480,378,52,630,5,0,1516,458,461,49.8,119,84,74.8,18,16,4,17,44.7,0,0,0,6,939,156,31.1,29.4,237,35.9,32.2,519,32,6.2,33,14
ITA-Serie A,2425,Lazio,27,27.1,55.1,60,43,103,54,6,7,93,7,57.2,52,38.5,90.4,774,1588,528,185,35,0.1,0.29,17.7,13,0.1,2.8,2,16400,19521,84,18.073719512195122,60.81171285,6959,7646,91,7447,8298,89.7,1670,2729,61.2,34.7,4.5,403,1374,323,102,17715,1760,522,72,118,670,229,123,57,0,288,954,712,67,49,76,32,18,103,76,4,7,10,5,1,520,319,234,224,62,251,501,50.1,250,313,90,295,815,718,23,23200,2262,6760,11033,5654,928,23193,628,296,47.1,266,42.4,13530,5.671175166297117,51.44832041343669,587,189,469,310,16281,1580,22,1.71,49,12,37.7,19.5,425,484,46,864,4,2,1439,473,491,49.1,119,72,62.2,18,11,9,9,23.7,0,0,0,4,1196,132,35.4,35.9,252,29.8,28.4,496,49,9.9,54,16.8
ITA-Serie A,2425,Lecce,31,26.1,43.8,27,21,48,24,3,4,61,7,34.6,31.8,24.5,56.3,519,1071,450,119,26.4,0.05,0.2,19.3,22,0.07,-7.6,-7.8,11490,15087,76.2,18.750478677110532,76.39869281045752,4757,5501,86.5,5029,5971,84.2,1465,2862,51.2,20.5,-3.5,322,852,222,93,13201,1834,507,36,84,754,165,64,78,0,301,777,547,77,38,45,50,20,47,36,3,1,4,3,0,627,372,315,250,62,301,584,51.5,283,407,144,285,912,1042,26,19445,2594,7211,8380,4085,605,19441,547,237,43.3,248,45.3,9704,5.417559769167354,49.113680154142585,349,121,572,290,11350,1062,24,0.89,58,-31,57.1,-22.5,466,427,52,628,10,3,1484,676,651,50.9,181,125,72.4,8,10,20,9,23.7,1,11.1,3,5,883,120,59.7,39.1,312,41.3,32.3,590,29,4.9,19,11
ITA-Serie A,2425,Milan,35,25.6,53.9,59,43,102,55,4,8,70,6,63.7,57.5,46.8,104.4,915,1589,555,185,33.3,0.1,0.3,17.9,8,0.11,-4.7,-2.5,16335,19101,85.5,17.783654729109273,61.12901195720579,6939,7660,90.6,7732,8519,90.8,1389,2238,62.1,39.3,-3.8,442,1198,342,77,17400,1641,524,90,85,544,217,134,18,0,248,1011,749,70,72,62,39,19,107,69,7,6,14,8,3,552,349,249,222,81,246,480,51.3,234,292,95,234,786,691,21,22849,2115,7299,10263,5518,966,22841,721,343,47.6,309,42.9,14001,5.745232483394044,48.19234972677596,648,269,513,288,16145,1572,22,1.66,43,18,41.3,22.4,415,428,60,634,2,3,1397,434,391,52.6,142,101,70.4,18,9,11,13,34.2,1,50,1,3,1334,182,18.4,27.8,275,26.5,31,462,27,5.8,71,25.5
ITA-Serie A,2425,Monza,36,26.8,48.5,27,18,45,24,3,3,90,3,29.9,27.7,20.9,48.6,533,1096,333,99,29.7,0.07,0.24,18.3,17,0.09,-2.9,-3.7,14248,17515,81.3,18.05818360471645,79.76916058394161,5982,6697,89.3,6561,7422,88.4,1412,2561,55.1,18.2,-2.9,245,895,196,72,15688,1773,575,30,78,623,136,41,75,0,296,588,437,56,25,34,31,5,43,32,3,1,6,0,1,562,315,304,202,56,272,501,54.3,229,382,157,305,867,874,38,21338,2852,8271,9181,4056,480,21335,507,220,43.4,227,44.8,12954,5.038134939014976,59.371482176360225,413,89,510,334,14106,1081,20,0.47,69,-41,54.7,-24.8,512,529,54,656,4,3,1299,567,605,48.4,183,115,63.4,3,9,26,3,7.9,2,50,2,10,1069,157,42.5,33.7,333,30.9,28.3,534,26,4.9,33,13.3
ITA-Serie A,2425,Napoli,27,28.6,54.6,56,42,98,52,4,5,47,0,52.9,49.1,39.1,88.2,739,1546,499,150,30.1,0.1,0.35,16.2,11,0.1,3.1,2.9,16894,20033,84.3,17.753225997395525,63.77554980595084,7296,8074,90.4,7665,8530,89.9,1582,2497,63.4,35.4,2.9,391,1235,318,76,18236,1742,487,48,88,721,209,137,43,2,340,882,672,70,39,61,28,12,100,75,4,7,6,7,1,535,323,237,238,60,258,469,55,211,317,100,270,805,813,11,23892,2258,7471,11310,5295,869,23887,611,244,39.9,286,46.8,13244,5.247055270311084,47.85520974,443,207,473,326,16735,1530,14,2.16,27,32,29.6,23.3,415,445,55,681,4,2,1435,530,460,53.5,96,69,72.9,24,10,4,19,50,2,66.7,1,0,1103,131,17,29.3,260,24.6,29.6,438,25,5.7,50,7
ITA-Serie A,2425,Parma,32,23.8,44.2,43,31,74,37,6,7,78,6,43.1,37.6,29.3,66.9,578,1059,418,140,33.5,0.09,0.26,19.3,22,0.09,-0.1,-0.6,12509,15805,79.1,18.176592853145735,80.25967894,5238,5993,87.4,5643,6511,86.7,1289,2504,51.5,24.5,1.7,316,890,217,59,14017,1757,568,43,75,602,168,55,33,1,247,749,542,61,49,37,45,15,73,47,6,7,6,5,2,523,293,267,201,55,242,484,50,242,434,153,279,802,977,21,19903,2706,7204,8455,4468,655,19896,587,249,42.4,276,47,11305,5.135603715170278,51.35640138408304,416,168,548,297,12339,1049,26,0.95,58,-14,56.4,-13.3,405,458,31,427,5,2,1365,499,502,49.9,158,102,66.5,7,15,16,7,18.4,0,0,3,6,1237,190,44.4,33.9,322,46,40,643,67,10.4,40,16.3
ITA-Serie A,2425,Roma,28,26.5,53.9,55,35,90,47,8,8,66,1,53,46.7,35,81.7,691,1501,514,162,31.5,0.09,0.29,17.9,15,0.09,2,0.3,17016,20265,84,17.641220028208746,64.41372418387742,7364,8133,90.5,7726,8590,89.9,1535,2676,57.4,32.8,0,391,1302,314,81,18489,1717,525,50,93,687,170,74,65,2,287,934,695,81,34,67,47,10,95,67,3,4,11,8,2,551,328,233,236,82,224,439,51,215,329,110,282,833,746,16,24126,2375,7151,11355,5819,861,24118,563,210,37.3,266,47.2,14077,5.155075655324288,52.18234442836469,579,162,545,283,16857,1488,21,1.82,35,21,40.9,12.1,405,484,59,636,4,1,1437,441,476,48.1,151,117,79.5,20,9,9,16,42.1,0,0,0,4,1195,170,25.1,30.6,263,43,37.3,495,30,6.1,33,13.7
ITA-Serie A,2425,Torino,31,26.7,47.5,36,21,57,34,2,4,80,3,34.6,31.6,22.5,54,529,1113,383,123,32.1,0.09,0.28,18.6,12,0.08,1.4,2.4,13578,17008,79.8,18.38098394461629,77.49236298292902,5650,6464,87.4,6225,7103,87.6,1445,2696,53.6,25.9,-1.5,276,980,250,86,15278,1673,443,26,83,676,158,95,51,0,274,663,500,52,24,48,29,10,58,38,6,4,5,4,1,468,261,217,181,70,232,437,53.1,205,338,133,278,746,882,21,20697,2400,6911,9482,4475,605,20693,452,169,37.4,236,52.2,12098,5.191105967928583,58.8241966,389,107,490,272,13424,1103,21,1.16,45,-6,50.4,-15.8,483,386,57,675,7,2,1296,538,564,48.8,180,133,76.7,10,14,14,10,26.3,4,57.1,1,7,1342,196,41,31,313,52.4,46.2,597,37,6.2,51,27.3
ITA-Serie A,2425,Udinese,31,26.4,47.2,41,28,69,39,2,4,88,5,38.2,35,27.2,62.1,566,1160,430,137,31.9,0.09,0.28,17.7,15,0.08,2.8,4,12945,16279,79.5,18.48512939358826,71.10344827586206,5322,6027,88.3,5751,6676,86.1,1552,2764,56.2,24.8,0.8,313,969,242,103,14543,1686,465,25,92,683,178,64,73,2,269,757,557,67,31,52,31,19,61,33,4,5,14,3,2,562,346,276,217,69,279,508,54.9,229,396,139,302,864,909,27,20351,2410,6993,9142,4451,694,20347,623,281,45.1,294,47.2,11222,5.4527713420067725,52.84452296819788,424,127,558,295,12776,1140,21,1.16,56,-15,52.6,-14.4,543,379,50,679,8,5,1426,550,493,52.7,164,113,70.1,12,8,18,9,23.7,0,0,3,8,1021,108,34.3,30.5,266,36.5,31.7,528,19,3.6,36,15
ITA-Serie A,2425,Venezia,36,25.4,45.1,31,16,47,27,4,5,75,2,35.8,32,22.2,54.2,507,1066,381,120,31.5,0.07,0.23,18.5,25,0.09,-4.8,-5,11573,15155,76.4,17.432990581525967,72.97467166979362,5144,5977,86.1,5103,6078,84,1002,2218,45.2,22.3,-6.2,282,813,215,58,13224,1873,526,35,87,769,142,60,46,0,301,685,491,67,37,36,45,9,49,26,5,3,8,7,0,605,361,319,202,84,286,572,50,286,439,145,279,884,921,25,19451,2614,7044,8341,4288,633,19445,601,248,41.3,290,48.3,10476,5.388984345169912,55.73175542406312,383,124,621,398,11442,1057,19,0.76,56,-24,57.5,-21.7,503,451,58,529,11,3,1450,490,626,43.9,188,134,75.5,5,14,19,6,15.8,1,9.1,0,8,1014,158,41.9,31,342,27.8,27.3,589,31,5.3,21,9.4